wall_time,step,value
1787765105.1124892,1000,-267.1426086425781
1787765121.6244524,2000,-262.71832275390625
1787765138.0304136,3000,-275.9545593261719
1787765154.4172678,4000,-273.1521301269531
1787765170.9633393,5000,-269.7999572753906
1787765187.2570393,6000,-283.71942138671875
1787765203.7313776,7000,-282.1988830566406
1787765220.0749464,8000,-273.930419921875
1787765236.5034468,9000,-272.48193359375
1787765252.9200137,10000,-269.8000793457031
1787765274.6946287,11000,-274.6513366699219
1787765296.2719142,12000,-232.21185302734375
1787765317.859813,13000,-233.52734375
1787765339.4104834,14000,-238.95643615722656
1787765361.0143986,15000,-231.7781219482422
1787765382.4487116,16000,-239.58563232421875
1787765403.9553714,17000,-236.6140899658203
1787765425.3228664,18000,-273.069580078125
1787765446.5614681,19000,-271.2120056152344
1787765467.8123739,20000,-231.61801147460938
1787765489.081543,21000,-236.4571533203125
1787765510.2515662,22000,-261.2511291503906
1787765531.3146076,23000,-219.92770385742188
1787765552.4017296,24000,-235.3769989013672
1787765573.7008882,25000,-272.07916259765625
1787765594.7926588,26000,-288.72662353515625
1787765615.8353667,27000,-244.3076171875
1787765636.8123949,28000,-258.9544372558594
1787765657.7501276,29000,-242.67332458496094
1787765678.6970015,30000,-226.59446716308594
1787765699.636373,31000,-267.1587219238281
1787765720.5025344,32000,-237.65621948242188
1787765741.407034,33000,-42.6146240234375
1787765762.2122655,34000,-237.16514587402344
1787765783.0756671,35000,34.406185150146484
1787765803.930456,36000,-41.510765075683594
1787765824.7058408,37000,-36.4742431640625
1787765845.552144,38000,-254.45526123046875
1787765866.2866976,39000,190.54063415527344
1787765887.1300788,40000,-255.21917724609375
1787765908.081007,41000,-204.2192840576172
1787765928.9816127,42000,29.089696884155273
1787765949.9029877,43000,47.90249252319336
1787765970.8809543,44000,-191.65403747558594
1787765991.7860804,45000,-212.2122344970703
1787766012.6725745,46000,186.1886444091797
1787766033.4604096,47000,118.07760620117188
1787766054.3210325,48000,87.20160675048828
1787766075.3677769,49000,-203.96408081054688
1787766096.1057553,50000,-194.11654663085938
1787766117.0121868,51000,-218.28392028808594
1787766137.7349138,52000,-210.541259765625
1787766158.6273656,53000,-195.16448974609375
1787766179.5097375,54000,116.08448791503906
1787766200.4899807,55000,61.95769119262695
1787766221.3785496,56000,2.9187614917755127
1787766242.2916808,57000,44.567771911621094
1787766263.1185453,58000,27.541217803955078
1787766284.0858185,59000,99.12989044189453
1787766304.9596665,60000,178.19261169433594
1787766325.7734828,61000,133.15216064453125
1787766346.6163208,62000,199.75746154785156
1787766367.5547142,63000,-104.78923034667969
1787766388.4096432,64000,205.3909454345703
1787766409.2954264,65000,236.47702026367188
1787766430.1008875,66000,181.74551391601562
1787766450.9285564,67000,267.86431884765625
1787766471.825034,68000,195.35751342773438
1787766492.6947253,69000,8.079009056091309
1787766513.6065335,70000,-209.00657653808594
1787766534.4641445,71000,-199.9811553955078
1787766555.3957107,72000,228.36227416992188
1787766576.3955712,73000,-75.73212432861328
1787766597.2692685,74000,-165.40301513671875
1787766618.1561358,75000,227.29957580566406
1787766638.9939747,76000,144.8566131591797
1787766659.8838494,77000,-203.62680053710938
1787766680.6167505,78000,151.79837036132812
1787766701.4791892,79000,179.79916381835938
1787766722.2035046,80000,131.72157287597656
1787766742.9377985,81000,55.36125183105469
1787766763.7183967,82000,102.92059326171875
1787766784.6088197,83000,-203.79437255859375
1787766805.3888543,84000,246.16241455078125
1787766826.199767,85000,289.86993408203125
1787766847.079987,86000,159.0416259765625
1787766867.9487517,87000,-199.44479370117188
1787766888.9076498,88000,-204.7663116455078
1787766909.6878934,89000,135.65774536132812
1787766930.469042,90000,148.3193359375
1787766951.2890751,91000,234.4495086669922
1787766972.1343346,92000,204.6934814453125
1787766992.931351,93000,97.2467041015625
1787767013.7255087,94000,268.9046630859375
1787767034.5071836,95000,-201.35296630859375
1787767055.3907297,96000,162.74505615234375
1787767076.323274,97000,-191.0906219482422
1787767097.0588543,98000,-194.70616149902344
1787767117.8726382,99000,289.8390197753906
1787767138.6412716,100000,228.62449645996094
1787767159.4602427,101000,216.0013427734375
1787767180.189027,102000,295.8001708984375
1787767201.0935175,103000,-196.67832946777344
1787767222.0361378,104000,256.0845642089844
1787767242.8602018,105000,211.32994079589844
1787767263.702434,106000,147.30691528320312
1787767284.630211,107000,-204.162353515625
1787767305.5216463,108000,247.73484802246094
1787767326.3247762,109000,208.89671325683594
1787767347.2544,110000,153.03817749023438
1787767368.1047242,111000,185.1644287109375
1787767388.8909895,112000,197.63101196289062
1787767409.479512,113000,233.57228088378906
1787767430.3083448,114000,-196.06504821777344
1787767451.1517236,115000,179.32504272460938
1787767471.9140894,116000,228.36280822753906
1787767492.6777081,117000,-195.99221801757812
1787767513.5496335,118000,177.010986328125
1787767534.335742,119000,-176.34523010253906
1787767555.078227,120000,-42.58677673339844
1787767576.0493078,121000,-209.702392578125
1787767596.8638337,122000,164.057373046875
1787767617.7901251,123000,271.9585266113281
1787767638.6551607,124000,288.31256103515625
1787767659.6716518,125000,-199.6861572265625
1787767680.521157,126000,250.48580932617188
1787767701.3186684,127000,-169.67886352539062
1787767722.080176,128000,370.45159912109375
1787767742.9657497,129000,302.68511962890625
1787767763.7977486,130000,321.92864990234375
1787767784.7325609,131000,-197.60569763183594
1787767805.587488,132000,-198.59825134277344
1787767826.3832445,133000,-205.384521484375
1787767847.2600403,134000,311.8294982910156
1787767868.1986973,135000,186.73768615722656
1787767888.8355515,136000,299.51605224609375
1787767909.6019874,137000,345.1508483886719
1787767930.425551,138000,274.6913146972656
1787767951.254285,139000,-191.8101806640625
1787767972.0968523,140000,-195.30455017089844
1787767992.9521363,141000,349.9549255371094
1787768013.769303,142000,-202.02410888671875
1787768034.4668036,143000,-214.8526611328125
1787768055.3251212,144000,341.9231262207031
1787768076.109026,145000,341.8162536621094
1787768096.9914484,146000,271.3703308105469
1787768117.8667064,147000,-222.15357971191406
1787768138.7515683,148000,354.2884826660156
1787768159.5636048,149000,300.64666748046875
1787768180.4713953,150000,121.40625
1787768201.2182713,151000,-198.5474395751953
1787768222.1162748,152000,378.58642578125
1787768242.9015784,153000,341.5912170410156
1787768263.65111,154000,333.1382141113281
1787768284.5287905,155000,362.38592529296875
1787768305.4497793,156000,-182.26214599609375
1787768326.2076452,157000,302.8664245605469
1787768347.07761,158000,341.3096618652344
1787768367.9599583,159000,344.791015625
1787768388.90069,160000,342.87591552734375
1787768409.7221074,161000,406.7270202636719
1787768430.5182872,162000,399.6268310546875
1787768451.3386157,163000,365.5747375488281
1787768472.1826339,164000,315.53729248046875
1787768493.0231388,165000,376.0670166015625
1787768513.903147,166000,-196.56268310546875
1787768534.7480347,167000,-203.0562286376953
1787768555.5488186,168000,391.7464599609375
1787768576.497673,169000,-193.83877563476562
1787768597.4281962,170000,-201.07203674316406
1787768618.2385292,171000,407.299560546875
1787768638.9734483,172000,279.330810546875
1787768659.866241,173000,-195.949951171875
1787768680.7271512,174000,387.6490173339844
1787768701.5861351,175000,397.7637634277344
1787768722.44402,176000,-113.73798370361328
1787768743.3350012,177000,365.6923828125
1787768764.2283452,178000,432.5058288574219
1787768784.9283066,179000,397.91827392578125
1787768805.7944434,180000,341.4630432128906
1787768826.6790779,181000,423.624755859375
1787768847.5834925,182000,421.548095703125
1787768868.2373383,183000,313.70465087890625
1787768889.1237779,184000,-186.96009826660156
1787768909.9627154,185000,-200.35604858398438
1787768930.7592137,186000,285.2142028808594
1787768951.6366801,187000,411.06097412109375
1787768972.3745854,188000,392.18353271484375
1787768993.3280141,189000,-196.15487670898438
1787769014.1911163,190000,431.8988342285156
1787769035.0143778,191000,-192.85105895996094
1787769055.7894568,192000,396.8241882324219
1787769076.5922801,193000,412.59503173828125
1787769097.3297706,194000,406.3953857421875
1787769118.1820054,195000,284.6027526855469
1787769139.08005,196000,396.01513671875
1787769159.9125197,197000,379.1454162597656
1787769180.770093,198000,276.1838073730469
1787769201.5852783,199000,350.8979797363281
1787769222.474374,200000,-197.66636657714844
1787769243.223647,201000,-200.1533660888672
1787769263.905278,202000,386.91778564453125
1787769284.8018944,203000,-201.60440063476562
1787769305.6100588,204000,409.8066711425781
1787769326.3980484,205000,444.41107177734375
1787769347.2078254,206000,401.4202880859375
1787769368.056555,207000,390.33056640625
1787769388.8971527,208000,413.9821472167969
1787769409.709655,209000,378.4566955566406
1787769430.5831347,210000,412.1623229980469
1787769451.543665,211000,405.8717956542969
1787769472.3432891,212000,-196.0612030029297
1787769493.1315615,213000,416.466796875
1787769513.8220186,214000,356.0455322265625
1787769534.7168176,215000,339.2854309082031
1787769555.517051,216000,408.83990478515625
1787769576.4113286,217000,339.6227722167969
1787769597.2836423,218000,398.8157653808594
1787769618.217625,219000,268.7392883300781
1787769639.0135171,220000,435.32830810546875
1787769659.8752964,221000,413.1434020996094
1787769680.6457016,222000,359.4677734375
1787769701.4729116,223000,378.7029724121094
1787769722.341135,224000,-230.39718627929688
1787769743.2282033,225000,423.85711669921875
1787769763.960963,226000,318.27435302734375
1787769784.69714,227000,386.6021423339844
1787769805.5700657,228000,433.102783203125
1787769826.303794,229000,408.0432434082031
1787769847.2232766,230000,-190.69554138183594
1787769868.0416818,231000,384.52642822265625
1787769888.9117148,232000,397.0879211425781
1787769909.7931561,233000,306.1907653808594
1787769930.5982673,234000,377.1212158203125
1787769951.5699303,235000,-195.6001739501953
1787769972.5368223,236000,-204.784912109375
1787769993.2948387,237000,379.4958190917969
1787770014.0143688,238000,351.91650390625
1787770034.7988293,239000,381.11834716796875
1787770055.5689337,240000,377.6178283691406
1787770076.2448788,241000,393.2726745605469
1787770097.00786,242000,397.62744140625
1787770117.8162427,243000,435.15997314453125
1787770138.581912,244000,411.84912109375
1787770159.4658084,245000,353.5908508300781
1787770180.2324677,246000,356.4002380371094
1787770200.9486096,247000,-198.60556030273438
1787770221.8161423,248000,-195.43020629882812
1787770242.704806,249000,-199.92832946777344
1787770263.4388523,250000,439.23065185546875
1787770284.2884169,251000,324.4225158691406
1787770305.135179,252000,-209.0186004638672
1787770326.0649192,253000,372.0670471191406
1787770346.948231,254000,450.9129638671875
1787770367.8832738,255000,-213.74014282226562
1787770388.7110384,256000,396.15936279296875
1787770409.6664565,257000,-189.24720764160156
1787770430.5365489,258000,-189.89923095703125
1787770451.2889497,259000,-182.0499725341797
1787770472.0242336,260000,-189.61782836914062
1787770492.889816,261000,-186.58726501464844
1787770513.5438051,262000,316.67791748046875
1787770534.2358096,263000,306.388671875
1787770555.060431,264000,-200.54403686523438
1787770575.7554057,265000,447.0108947753906
1787770596.6052575,266000,-189.1687469482422
1787770617.377377,267000,348.50799560546875
1787770638.140193,268000,458.1259460449219
1787770658.6602316,269000,410.9582214355469
1787770679.3803732,270000,394.5237731933594
1787770700.117265,271000,-192.00119018554688
1787770720.9573798,272000,351.5837707519531
1787770741.8361886,273000,371.5362548828125
1787770762.7629972,274000,460.6864013671875
1787770783.5532706,275000,-196.4174346923828
1787770804.3439176,276000,-190.7340850830078
1787770825.3332198,277000,420.76898193359375
1787770846.274249,278000,391.99835205078125
1787770867.0547574,279000,463.7445983886719
1787770887.9850812,280000,403.7029113769531
1787770908.7622588,281000,345.2885437011719
1787770929.626328,282000,337.7687072753906
1787770950.5253847,283000,386.5392761230469
1787770971.5954971,284000,-193.05276489257812
1787770992.5897841,285000,387.185302734375
1787771013.4816155,286000,408.6252136230469
1787771034.3248181,287000,438.0046081542969
1787771055.2936904,288000,411.2558288574219
1787771076.2215583,289000,392.95941162109375
1787771097.075061,290000,-201.01918029785156
1787771117.9995668,291000,-182.200439453125
1787771138.9404004,292000,380.608154296875
1787771159.7333467,293000,419.3128662109375
1787771180.7529762,294000,-200.3222198486328
1787771201.6054292,295000,430.12982177734375
1787771222.6249301,296000,-191.33035278320312
1787771243.6134138,297000,-196.83116149902344
1787771264.5034683,298000,320.15057373046875
1787771285.445459,299000,-192.60411071777344
1787771306.277617,300000,339.9951477050781
1787771327.2272935,301000,373.7153015136719
1787771348.1303146,302000,356.4532775878906
1787771369.0797918,303000,346.1118469238281
1787771389.8667219,304000,396.1056213378906
1787771410.8776743,305000,427.3824768066406
1787771431.661105,306000,-205.74136352539062
1787771452.4773896,307000,393.7284240722656
1787771473.36616,308000,357.1544494628906
1787771494.3106706,309000,391.32867431640625
1787771515.1363702,310000,438.18359375
1787771535.9213727,311000,433.1426696777344
1787771556.7712438,312000,400.8045654296875
1787771577.6925445,313000,427.9767761230469
1787771598.5578406,314000,-198.26930236816406
1787771619.2540054,315000,417.4416809082031
1787771640.0990632,316000,359.5189514160156
1787771660.9593887,317000,356.5540771484375
1787771681.8573265,318000,408.7901916503906
1787771702.6830199,319000,406.9466247558594
1787771723.4677389,320000,391.2112121582031
1787771744.232784,321000,375.74822998046875
1787771765.0695317,322000,359.1421813964844
1787771785.847798,323000,474.6396179199219
1787771806.6365235,324000,-198.68504333496094
1787771827.5771275,325000,-195.38662719726562
1787771848.4105203,326000,442.6134033203125
1787771869.1226344,327000,-199.7559051513672
1787771889.9663444,328000,435.54644775390625
1787771910.852944,329000,-172.09324645996094
1787771931.9067605,330000,-201.57901000976562
1787771952.7416594,331000,456.6439208984375
1787771973.6979342,332000,378.7890319824219
1787771994.5944154,333000,479.19781494140625
1787772015.4801497,334000,403.2442626953125
1787772036.4223473,335000,463.0764465332031
1787772057.249279,336000,423.67840576171875
1787772078.1155813,337000,401.8998107910156
1787772099.1112306,338000,-193.8537139892578
1787772120.0979137,339000,-178.401611328125
1787772141.0071275,340000,425.06658935546875
1787772161.9718423,341000,-189.28231811523438
1787772182.7840986,342000,463.3801574707031
1787772203.7512555,343000,417.69378662109375
1787772224.6875203,344000,445.9172058105469
1787772245.5607285,345000,-191.9947509765625
1787772266.4652767,346000,422.18701171875
1787772287.2712996,347000,353.5569152832031
1787772308.1740956,348000,423.19622802734375
1787772328.9281406,349000,438.77294921875
1787772349.9152517,350000,-191.6123046875
1787772370.8636677,351000,408.4617004394531
1787772391.8036728,352000,420.126220703125
1787772412.7365835,353000,386.69830322265625
1787772433.7186208,354000,-194.49693298339844
1787772454.4996798,355000,365.462890625
1787772475.2676268,356000,345.3902282714844
1787772496.1099305,357000,-192.29440307617188
1787772517.0848994,358000,-206.4169158935547
1787772538.0470943,359000,-190.5666046142578
1787772558.8759737,360000,-209.09136962890625
1787772579.7784734,361000,407.0417785644531
1787772600.564129,362000,391.22149658203125
1787772621.42096,363000,413.11041259765625
1787772642.1616437,364000,391.122314453125
1787772663.0145802,365000,390.31353759765625
1787772683.8590221,366000,376.8559265136719
1787772704.6959822,367000,328.0071716308594
1787772725.532062,368000,411.3546142578125
1787772746.3729453,369000,447.15350341796875
1787772767.2616696,370000,402.7223205566406
1787772788.10563,371000,358.1385192871094
1787772809.0302231,372000,376.8098449707031
1787772829.8189113,373000,368.71685791015625
1787772850.8725202,374000,-199.8289794921875
1787772871.7736742,375000,-205.69244384765625
1787772892.6027753,376000,401.7967529296875
1787772913.2730088,377000,371.58477783203125
1787772934.246612,378000,413.5584411621094
1787772955.139239,379000,349.7899169921875
1787772975.9790719,380000,377.75628662109375
1787772996.8325264,381000,-193.4503631591797
1787773017.710201,382000,408.3144226074219
1787773038.5883605,383000,-192.9583282470703
1787773059.3789022,384000,426.0789489746094
1787773080.1941519,385000,368.7890319824219
1787773101.1326869,386000,385.34051513671875
1787773122.0661476,387000,403.0625915527344
1787773142.9898727,388000,324.0992431640625
1787773164.0052183,389000,-191.81954956054688
1787773184.897369,390000,-199.0019073486328
1787773205.8137233,391000,229.6809539794922
1787773226.6484523,392000,224.23904418945312
1787773247.6291153,393000,-192.2049102783203
1787773268.4839363,394000,-194.02427673339844
1787773289.2164633,395000,427.0497131347656
1787773310.064097,396000,335.3243103027344
1787773330.8949509,397000,384.5741271972656
1787773351.8223495,398000,-193.9357452392578
1787773372.7963839,399000,450.79986572265625
1787773393.7394235,400000,-209.0021209716797
1787773414.6072838,401000,369.4075927734375
1787773435.504884,402000,435.7519836425781
1787773456.334941,403000,483.17095947265625
1787773477.3201413,404000,-191.93148803710938
1787773498.1640441,405000,421.6783142089844
1787773519.0712676,406000,483.796142578125
1787773539.7475119,407000,396.3153381347656
1787773560.6430292,408000,-196.7869873046875
1787773581.5872495,409000,391.33355712890625
1787773602.4115214,410000,403.94671630859375
1787773623.3258946,411000,354.0000915527344
1787773644.0913541,412000,288.0970153808594
1787773664.9957669,413000,431.41937255859375
1787773685.9552224,414000,372.606201171875
1787773706.7777014,415000,424.2437438964844
1787773727.6063342,416000,432.24822998046875
1787773748.491853,417000,408.4793395996094
1787773769.2772298,418000,302.6111755371094
1787773790.1150522,419000,307.2895812988281
1787773811.0949054,420000,409.2206726074219
1787773831.9155335,421000,-193.4285430908203
1787773852.6723838,422000,419.0864562988281
1787773873.637248,423000,-215.59336853027344
1787773894.5894437,424000,350.9952697753906
1787773915.386684,425000,411.4301452636719
1787773936.250711,426000,337.9405212402344
1787773957.0287833,427000,-193.97186279296875
1787773977.7938428,428000,387.42498779296875
1787773998.5899184,429000,391.5566101074219
1787774019.466141,430000,-202.3993682861328
1787774040.2699378,431000,-190.04161071777344
1787774061.1079588,432000,-197.31529235839844
1787774082.1483235,433000,407.1557922363281
1787774102.9471455,434000,350.6825256347656
1787774123.917309,435000,350.5246276855469
1787774144.735782,436000,-198.6061248779297
1787774165.758462,437000,-197.97036743164062
1787774186.5064142,438000,356.3113708496094
1787774207.3401535,439000,390.86871337890625
1787774228.2564554,440000,419.6432189941406
1787774249.1688275,441000,362.74041748046875
1787774270.1707675,442000,-200.08950805664062
1787774291.1271005,443000,-207.4307098388672
1787774311.9918883,444000,-186.22039794921875
1787774332.8710506,445000,382.3124694824219
1787774353.735139,446000,402.0352783203125
1787774374.6086833,447000,405.59259033203125
1787774395.525857,448000,408.3269348144531
1787774416.5741706,449000,-200.4713134765625
1787774437.3793402,450000,393.36456298828125
1787774458.2998393,451000,-197.9480438232422
1787774479.3640158,452000,-198.29592895507812
1787774500.3169088,453000,355.7666015625
1787774521.1703405,454000,368.16375732421875
1787774541.9349144,455000,427.67755126953125
1787774562.6628668,456000,401.6033020019531
1787774583.4495115,457000,402.9358215332031
1787774604.152134,458000,456.4629211425781
1787774624.9953313,459000,411.6535339355469
1787774645.9068704,460000,410.20367431640625
1787774666.8636067,461000,279.3565979003906
1787774687.7944517,462000,429.9509582519531
1787774708.6598313,463000,-196.88230895996094
1787774729.5401444,464000,417.7073974609375
1787774750.4950593,465000,416.0057373046875
1787774771.2907114,466000,450.01507568359375
1787774791.984096,467000,440.0419921875
1787774812.8085372,468000,385.24713134765625
1787774833.6374867,469000,441.2760925292969
1787774854.5035658,470000,441.751708984375
1787774875.4379327,471000,414.1947326660156
1787774896.3032172,472000,412.8427429199219
1787774917.0671356,473000,287.7091979980469
1787774938.013735,474000,418.2754821777344
1787774958.9748127,475000,378.9021911621094
1787774979.8896813,476000,327.4270324707031
1787775000.886177,477000,408.0110778808594
1787775021.7363377,478000,425.79937744140625
1787775042.662475,479000,400.8101501464844
1787775063.622107,480000,-195.92623901367188
1787775084.4386983,481000,390.7587585449219
1787775105.3101232,482000,-196.9119110107422
1787775125.9554431,483000,410.71820068359375
1787775146.6057122,484000,-196.60244750976562
1787775167.4781213,485000,455.56378173828125
1787775188.2989895,486000,416.55999755859375
1787775209.1735494,487000,-199.5781707763672
1787775230.1108353,488000,-199.41268920898438
1787775250.9400108,489000,-197.8239288330078
1787775271.9174154,490000,457.3814392089844
1787775292.7681518,491000,392.426513671875
1787775313.5314798,492000,472.1183776855469
1787775334.4517741,493000,-195.74964904785156
1787775355.3691833,494000,-199.86585998535156
1787775376.2136734,495000,331.0350036621094
1787775397.182461,496000,-199.37350463867188
1787775417.9026275,497000,-200.728759765625
1787775438.6882524,498000,462.1768798828125
1787775459.4517682,499000,385.5018310546875
1787775480.2544274,500000,429.8395690917969
1787775501.1858282,501000,-230.46107482910156
1787775522.0969775,502000,-198.1494598388672
1787775543.0157099,503000,445.9488220214844
1787775563.7868092,504000,388.4094543457031
1787775584.543728,505000,412.8545837402344
1787775605.1736474,506000,-199.6488494873047
1787775625.8290691,507000,-193.16860961914062
1787775646.4536245,508000,373.9231872558594
1787775667.322303,509000,367.833251953125
1787775688.0785449,510000,356.50140380859375
1787775709.0637653,511000,-193.28390502929688
1787775730.029326,512000,-188.63525390625
1787775750.8188715,513000,448.24114990234375
1787775771.7912042,514000,301.27947998046875
1787775792.7045124,515000,-206.5896759033203
1787775813.687128,516000,431.0584716796875
1787775834.5418587,517000,422.31610107421875
1787775855.4381053,518000,296.4786071777344
1787775876.36392,519000,327.7126770019531
1787775897.2486677,520000,419.7100524902344
1787775918.0687518,521000,363.6929931640625
1787775938.9318862,522000,-203.07997131347656
1787775959.7455797,523000,349.4096984863281
1787775980.690329,524000,-198.2816925048828
1787776001.6454513,525000,232.11431884765625
1787776022.5725188,526000,376.6033935546875
1787776043.4563832,527000,232.83843994140625
1787776064.2748833,528000,-194.93536376953125
1787776085.0687907,529000,370.4096984863281
1787776105.8448837,530000,252.75537109375
1787776126.7584202,531000,355.5526123046875
1787776147.7426124,532000,-189.27432250976562
1787776168.699332,533000,-195.26983642578125
1787776189.675552,534000,268.5301818847656
1787776210.536792,535000,382.4862976074219
1787776231.514765,536000,283.3613586425781
1787776252.3810477,537000,407.4170227050781
1787776273.273696,538000,161.1784210205078
1787776294.1575925,539000,345.5210876464844
1787776314.9539075,540000,345.0955810546875
1787776335.799616,541000,311.47637939453125
1787776356.6489298,542000,389.1035461425781
1787776377.606703,543000,243.6667938232422
1787776398.5738575,544000,-196.09226989746094
1787776419.4711118,545000,282.7237243652344
1787776440.3223681,546000,279.8478088378906
1787776461.2420275,547000,351.3114318847656
1787776482.1444652,548000,363.49981689453125
1787776502.9623992,549000,-194.48611450195312
1787776523.9134767,550000,307.42108154296875
1787776544.9078567,551000,-208.23561096191406
1787776565.782375,552000,426.43072509765625
1787776586.6608136,553000,355.6438903808594
1787776607.436023,554000,377.9622802734375
1787776628.1536074,555000,-197.5772247314453
1787776649.0798416,556000,291.7440185546875
1787776669.924743,557000,308.7414855957031
1787776690.8013036,558000,341.25445556640625
1787776711.6491487,559000,382.7035217285156
1787776732.4558485,560000,-201.5026397705078
1787776753.1355987,561000,328.14605712890625
1787776773.9649143,562000,337.1074523925781
1787776794.792719,563000,350.76025390625
1787776815.7154212,564000,305.2415771484375
1787776836.6294703,565000,321.16058349609375
1787776857.3322625,566000,187.18850708007812
1787776878.3161135,567000,186.24896240234375
1787776899.1599774,568000,358.8457946777344
1787776920.0796173,569000,-190.53173828125
1787776940.743804,570000,-189.00164794921875
1787776961.620536,571000,-198.38644409179688
1787776982.3772287,572000,284.37371826171875
1787777003.0696368,573000,365.865966796875
1787777023.7728343,574000,339.4266662597656
1787777044.486589,575000,294.8338317871094
1787777065.2558455,576000,296.29913330078125
1787777085.8842716,577000,352.88287353515625
1787777106.601988,578000,375.0376281738281
1787777127.2662487,579000,235.71046447753906
1787777148.0468926,580000,388.9644775390625
1787777168.8130262,581000,376.8513488769531
1787777189.7593162,582000,-198.82716369628906
1787777210.6540108,583000,397.91815185546875
1787777231.519015,584000,-33.812591552734375
1787777252.29875,585000,361.3320007324219
1787777273.1400092,586000,-197.26327514648438
1787777293.957049,587000,338.92181396484375
1787777314.7678308,588000,420.3937072753906
1787777335.5247185,589000,-196.8466796875
1787777356.2685215,590000,-190.25308227539062
1787777377.1177454,591000,410.8282165527344
1787777398.0066967,592000,348.6976623535156
1787777418.6214664,593000,220.58856201171875
1787777439.4672043,594000,371.3300476074219
1787777460.116852,595000,313.8982849121094
1787777480.7906053,596000,400.4744873046875
1787777501.444398,597000,350.4756774902344
1787777522.3339267,598000,221.63304138183594
1787777543.2847128,599000,-191.6363067626953
1787777564.198605,600000,393.6598205566406
1787777585.156044,601000,-189.94471740722656
1787777606.0160842,602000,379.5360412597656
1787777626.914309,603000,397.29852294921875
1787777647.7624378,604000,347.69671630859375
1787777668.662721,605000,-193.5586700439453
1787777689.3944826,606000,401.3703308105469
1787777710.1547875,607000,377.8829345703125
1787777730.9413614,608000,343.3719177246094
1787777751.8142023,609000,329.5118713378906
1787777772.6894531,610000,339.3482360839844
1787777793.5521402,611000,-203.7774200439453
1787777814.5372,612000,296.53662109375
1787777835.3662205,613000,-209.71983337402344
1787777856.1588066,614000,296.5204162597656
1787777877.0267048,615000,368.90838623046875
1787777897.9183445,616000,359.7138366699219
1787777918.7862394,617000,-194.02809143066406
1787777939.6043143,618000,388.11962890625
1787777960.42561,619000,240.5530242919922
1787777981.2016165,620000,312.738525390625
1787778002.0426288,621000,-199.3607177734375
1787778023.0039008,622000,393.9192810058594
1787778043.917257,623000,167.46131896972656
1787778064.75516,624000,437.0523986816406
1787778085.7129362,625000,368.7109680175781
1787778106.70359,626000,241.50975036621094
1787778127.6174195,627000,287.5935363769531
1787778148.4697592,628000,419.27459716796875
1787778169.3079283,629000,246.8188018798828
1787778190.1909716,630000,335.1685791015625
1787778211.01406,631000,349.46295166015625
1787778231.897939,632000,313.8470764160156
1787778252.7860863,633000,263.62109375
1787778273.5744314,634000,343.1946105957031
1787778294.3576615,635000,385.15447998046875
1787778315.2246273,636000,390.09503173828125
1787778336.067136,637000,370.4539794921875
1787778356.9381347,638000,428.43878173828125
1787778377.7646995,639000,384.3265380859375
1787778398.6122465,640000,412.56146240234375
1787778419.3420725,641000,340.3070068359375
1787778440.2741356,642000,415.8546142578125
1787778461.1679075,643000,276.40545654296875
1787778482.1400723,644000,-196.17495727539062
1787778503.0116382,645000,402.82861328125
1787778523.888305,646000,-202.31951904296875
1787778544.7776554,647000,-197.4765167236328
1787778565.6991386,648000,-201.40049743652344
1787778586.6179335,649000,-189.74884033203125
1787778607.5803237,650000,351.4205017089844
1787778628.4302049,651000,328.28558349609375
1787778649.3393857,652000,369.683349609375
1787778670.284068,653000,321.4711608886719
1787778691.1845102,654000,371.9476318359375
1787778712.086196,655000,188.82577514648438
1787778733.0231457,656000,-197.5009307861328
1787778753.9100173,657000,-83.0501708984375
1787778774.874241,658000,-200.46707153320312
1787778795.7229297,659000,344.3538818359375
1787778816.572201,660000,-204.05422973632812
1787778837.4837072,661000,-197.1104736328125
1787778858.5176713,662000,-194.36630249023438
1787778879.374229,663000,144.66551208496094
1787778900.1925216,664000,396.6189270019531
1787778921.093603,665000,-197.17538452148438
1787778942.0234525,666000,-193.67239379882812
1787778962.9669032,667000,-202.01551818847656
1787778983.8741179,668000,-203.76516723632812
1787779004.8073971,669000,345.1353454589844
1787779025.6712327,670000,206.7654571533203
1787779046.617138,671000,-195.74441528320312
1787779067.4752126,672000,-201.95631408691406
1787779088.3240142,673000,298.3438415527344
1787779109.282876,674000,-195.3330841064453
1787779130.1126697,675000,324.86279296875
1787779150.9575205,676000,350.22662353515625
1787779171.7578661,677000,400.1617126464844
1787779192.5593457,678000,304.3529357910156
1787779213.4267478,679000,302.9203186035156
1787779234.2668338,680000,-192.46142578125
1787779255.1813486,681000,333.4273986816406
1787779276.091599,682000,314.96124267578125
1787779296.9623272,683000,367.56976318359375
1787779317.7473965,684000,309.2457580566406
1787779338.6524549,685000,317.7128601074219
1787779359.4378176,686000,370.3981628417969
1787779380.2604187,687000,-191.81591796875
1787779401.242295,688000,-199.29295349121094
1787779422.0682704,689000,361.5445861816406
1787779443.0327969,690000,314.70611572265625
1787779463.8976314,691000,369.6548767089844
1787779484.7536628,692000,334.9364929199219
1787779505.525158,693000,338.8111572265625
1787779526.3340971,694000,351.24249267578125
1787779547.171434,695000,399.12249755859375
1787779568.051938,696000,310.2093200683594
1787779588.949952,697000,332.05767822265625
1787779609.8189824,698000,390.1820068359375
1787779630.6642215,699000,438.4491882324219
1787779651.5041943,700000,384.0755615234375
1787779672.4063945,701000,-195.9164276123047
1787779693.3505862,702000,-193.4719696044922
1787779714.126896,703000,363.1239929199219
1787779734.9547572,704000,385.2760925292969
1787779755.8974776,705000,361.77374267578125
1787779776.6959572,706000,372.5138244628906
1787779797.4678109,707000,390.10137939453125
1787779818.328849,708000,384.7458190917969
1787779839.2992675,709000,-202.86544799804688
1787779860.16561,710000,414.341064453125
1787779881.1073024,711000,-208.48843383789062
1787779901.9682796,712000,354.2994689941406
1787779922.92718,713000,-194.36538696289062
1787779943.8069308,714000,289.1047668457031
1787779964.6800017,715000,295.34027099609375
1787779985.6728332,716000,-199.75814819335938
1787780006.6058288,717000,-195.3909454345703
1787780027.5093834,718000,357.73565673828125
1787780048.4434643,719000,350.77691650390625
1787780069.3884068,720000,-204.42579650878906
1787780090.2355156,721000,329.53179931640625
1787780111.0798626,722000,334.26409912109375
1787780131.9622931,723000,-193.3135986328125
1787780152.7652776,724000,334.24798583984375
1787780173.6603804,725000,-200.25225830078125
1787780194.5698233,726000,-196.70388793945312
1787780215.3743417,727000,247.75357055664062
1787780236.2413187,728000,-187.1358184814453
1787780257.0370648,729000,311.3937072753906
1787780277.9150221,730000,-191.9269256591797
1787780298.936459,731000,-200.9861602783203
1787780319.8056273,732000,247.46478271484375
1787780340.6727939,733000,262.2554626464844
1787780361.4875338,734000,364.3398742675781
1787780382.3328707,735000,236.861328125
1787780403.1835315,736000,321.0107421875
1787780424.0693564,737000,372.3561706542969
1787780445.0309205,738000,-195.0076904296875
1787780465.9409125,739000,-186.41514587402344
1787780486.83322,740000,191.04005432128906
1787780507.742901,741000,293.0497131347656
1787780528.535168,742000,342.58782958984375
1787780549.303424,743000,362.8974609375
1787780570.1346428,744000,358.174072265625
1787780591.0300908,745000,205.46495056152344
1787780611.8960912,746000,370.3771667480469
1787780632.7781034,747000,-197.40872192382812
1787780653.6627777,748000,258.6827392578125
1787780674.4493551,749000,433.4095153808594
1787780695.3392034,750000,-195.72509765625
1787780716.117669,751000,307.3350524902344
1787780736.9807115,752000,395.14642333984375
1787780757.8424199,753000,343.09490966796875
1787780778.7541823,754000,-203.8822784423828
1787780799.6169913,755000,307.4968566894531
1787780820.5176287,756000,325.13067626953125
1787780841.4994695,757000,-199.38687133789062
1787780862.3193102,758000,360.50457763671875
1787780883.2546923,759000,333.197021484375
1787780904.188382,760000,310.4779968261719
1787780925.0975158,761000,347.2592468261719
1787780945.9114227,762000,324.7648620605469
1787780966.8415754,763000,-203.84535217285156
1787780987.7102325,764000,-199.30528259277344
1787781008.5982504,765000,282.9827880859375
1787781029.487184,766000,307.58697509765625
1787781050.461653,767000,314.6968994140625
1787781071.5044026,768000,332.13592529296875
1787781092.3507001,769000,392.3140869140625
1787781113.2863219,770000,379.5336608886719
1787781134.1468558,771000,-187.60006713867188
1787781154.8529902,772000,295.5855712890625
1787781175.6556125,773000,330.043701171875
1787781196.4586124,774000,370.4836120605469
1787781217.3974175,775000,329.72149658203125
1787781238.2309048,776000,370.3598327636719
1787781259.1257973,777000,441.3888244628906
1787781280.1060371,778000,376.4873962402344
1787781300.9145145,779000,393.1885986328125
1787781321.7251604,780000,-193.82601928710938
1787781342.5674596,781000,261.9837646484375
1787781363.4565716,782000,309.6107177734375
1787781384.210775,783000,394.7207336425781
1787781404.9948964,784000,346.7735595703125
1787781425.707266,785000,379.0992126464844
1787781446.5753086,786000,339.22845458984375
1787781467.4698706,787000,325.6212158203125
1787781488.286054,788000,357.3446350097656
1787781509.1389215,789000,-198.56341552734375
1787781530.0012856,790000,359.503662109375
1787781550.8985584,791000,-195.35861206054688
1787781571.623079,792000,-200.20169067382812
1787781592.5111966,793000,-190.9064483642578
1787781613.3992617,794000,-207.5506134033203
1787781634.234521,795000,425.28692626953125
1787781655.1007576,796000,-204.64456176757812
1787781676.0234885,797000,234.3728485107422
1787781696.8234303,798000,387.1187438964844
1787781717.7504413,799000,-194.13714599609375
1787781738.6721022,800000,461.3212585449219
1787781759.673654,801000,454.2769470214844
1787781780.678872,802000,425.79412841796875
1787781801.6542916,803000,-219.95745849609375
1787781822.622199,804000,436.54058837890625
1787781843.4470003,805000,411.2624816894531
1787781864.3986588,806000,-198.13197326660156
1787781885.134835,807000,458.8174133300781
1787781905.9962904,808000,424.57666015625
1787781926.918429,809000,377.4994812011719
1787781947.8351223,810000,410.81982421875
1787781968.7171755,811000,388.1210021972656
1787781989.6758494,812000,-192.61549377441406
1787782010.6156151,813000,396.6895446777344
1787782031.5397792,814000,336.05059814453125
1787782052.4624543,815000,401.6163024902344
1787782073.3276517,816000,307.8544616699219
1787782094.0197294,817000,-194.25863647460938
1787782114.6619928,818000,311.9898681640625
1787782135.5374236,819000,294.06072998046875
1787782156.4001887,820000,359.3184509277344
1787782177.2191846,821000,345.6934814453125
1787782198.0617082,822000,343.96429443359375
1787782218.905797,823000,307.4804992675781
1787782239.7879965,824000,-194.05230712890625
1787782260.5771792,825000,296.3150634765625
1787782281.415432,826000,284.033447265625
1787782302.358113,827000,410.3722839355469
1787782323.2311475,828000,-211.67355346679688
1787782344.1904254,829000,-199.32815551757812
1787782365.1687407,830000,-202.6362762451172
1787782386.0001693,831000,305.4341735839844
1787782406.7800636,832000,436.70098876953125
1787782427.618366,833000,398.16705322265625
1787782448.523088,834000,404.53021240234375
1787782469.3723943,835000,307.5473327636719
1787782490.4408162,836000,-199.2949676513672
1787782511.341223,837000,389.72039794921875
1787782532.2419832,838000,-195.60205078125
1787782552.9677513,839000,-189.87548828125
1787782573.8974366,840000,-200.16915893554688
1787782594.8026786,841000,407.3271484375
1787782615.8100135,842000,-196.8361358642578
1787782636.7101743,843000,449.7580871582031
1787782657.6551774,844000,332.45989990234375
1787782678.566116,845000,359.512451171875
1787782699.5868053,846000,-209.0165252685547
1787782720.5276635,847000,447.33135986328125
1787782741.3264027,848000,366.173095703125
1787782762.129876,849000,366.1510009765625
1787782783.072287,850000,410.532470703125
1787782804.0092545,851000,370.1351318359375
1787782824.937056,852000,367.9993591308594
1787782845.9539385,853000,-206.516845703125
1787782866.8236609,854000,387.64398193359375
1787782887.7208264,855000,375.38897705078125
1787782908.5922277,856000,395.3160705566406
1787782929.3398356,857000,424.47174072265625
1787782949.8825111,858000,369.0587158203125
1787782970.6180053,859000,351.3004150390625
1787782991.5768332,860000,321.3475036621094
1787783012.542307,861000,403.5437316894531
1787783033.3204136,862000,447.55157470703125
1787783054.1124523,863000,429.88031005859375
1787783074.9840016,864000,-192.0868682861328
1787783095.8198047,865000,424.50408935546875
1787783116.6678405,866000,412.0303649902344
1787783137.5153587,867000,360.5689697265625
1787783158.2809148,868000,378.5238342285156
1787783179.1970165,869000,-196.64657592773438
1787783200.099189,870000,-198.1162567138672
1787783221.0332181,871000,335.36578369140625
1787783241.9423883,872000,461.0088806152344
1787783262.8112395,873000,418.7539367675781
1787783283.559507,874000,401.9293212890625
1787783304.350803,875000,-195.9891357421875
1787783325.068783,876000,-207.9522705078125
1787783345.8355105,877000,423.4854431152344
1787783366.7865913,878000,-205.32208251953125
1787783387.4900763,879000,410.9411926269531
1787783408.3793187,880000,-197.94131469726562
1787783429.3203173,881000,401.2972106933594
1787783450.3197904,882000,-196.10409545898438
1787783471.2322564,883000,401.06561279296875
1787783492.0571468,884000,334.8862609863281
1787783513.1422338,885000,-196.29721069335938
1787783534.1514347,886000,-192.05213928222656
1787783555.0638852,887000,392.6714172363281
1787783576.0073242,888000,373.1170349121094
1787783596.8693693,889000,391.4739990234375
1787783617.7963948,890000,365.4735107421875
1787783638.440585,891000,-194.12025451660156
1787783659.4253845,892000,-203.72105407714844
1787783680.3428123,893000,359.05938720703125
1787783701.2763462,894000,424.0609436035156
1787783722.1966581,895000,374.08740234375
1787783742.887317,896000,-192.7941131591797
1787783763.7566464,897000,292.79876708984375
1787783784.7328596,898000,282.9411926269531
1787783805.8579292,899000,-203.1534881591797
1787783826.7816663,900000,321.0263671875
1787783847.5320535,901000,303.2841491699219
1787783868.5167642,902000,287.69317626953125
1787783889.5142226,903000,256.0332946777344
1787783910.4586036,904000,196.57180786132812
1787783931.2562122,905000,254.975341796875
1787783951.9789457,906000,232.6632537841797
1787783972.8804698,907000,214.1330108642578
1787783993.7319515,908000,254.88441467285156
1787784014.5473135,909000,186.27313232421875
1787784035.5112936,910000,208.91729736328125
1787784056.4201462,911000,-151.3763427734375
1787784077.282165,912000,-190.19566345214844
1787784098.0333767,913000,338.3995361328125
1787784118.848784,914000,243.35031127929688
1787784139.6646543,915000,-194.8415985107422
1787784160.5118415,916000,214.92750549316406
1787784181.3614855,917000,-199.50343322753906
1787784202.2528727,918000,236.29119873046875
1787784223.0300987,919000,322.28936767578125
1787784243.7821898,920000,294.0809020996094
1787784264.672156,921000,266.53271484375
1787784285.5458028,922000,204.95701599121094
1787784306.5157573,923000,-108.23479461669922
1787784327.4491036,924000,-200.42556762695312
1787784348.3973782,925000,235.04945373535156
1787784369.318992,926000,232.98489379882812
1787784390.143262,927000,276.48724365234375
1787784411.0024624,928000,223.01034545898438
1787784431.9292681,929000,241.42282104492188
1787784452.858848,930000,277.6390380859375
1787784473.8373609,931000,222.16973876953125
1787784494.5631058,932000,289.6661071777344
1787784515.497843,933000,-203.6332244873047
1787784536.461162,934000,-199.4400177001953
1787784557.3551617,935000,254.62161254882812
1787784578.3413184,936000,313.4781494140625
1787784599.3183053,937000,351.90411376953125
1787784620.2511673,938000,327.3318786621094
1787784641.1992357,939000,293.9090576171875
1787784662.1250877,940000,256.78363037109375
1787784683.0781562,941000,203.82667541503906
1787784704.1019356,942000,335.33941650390625
1787784724.3883216,943000,271.61041259765625
1787784743.1029217,944000,173.19366455078125
1787784757.576785,945000,272.7101745605469
1787784771.9851463,946000,203.34454345703125
1787784791.6255484,947000,-202.20877075195312
1787784808.4384181,948000,284.85247802734375
1787784822.5489979,949000,-184.90687561035156
1787784836.6159284,950000,332.03741455078125
1787784850.7337916,951000,-199.76805114746094
1787784864.7873251,952000,425.303955078125
1787784878.8447716,953000,441.86651611328125
1787784892.8309925,954000,434.62469482421875
1787784906.8513691,955000,418.6330261230469
1787784920.8984892,956000,351.7404479980469
1787784934.9471912,957000,363.1246643066406
1787784945.076612,958000,-198.60302734375
1787784952.0908911,959000,379.4402770996094
1787784959.5755486,960000,402.0108947753906
1787784971.9534137,961000,372.2210693359375
1787784982.9551759,962000,401.08624267578125
1787784990.6314814,963000,302.94281005859375
1787785001.2349968,964000,356.67449951171875
1787785008.2939272,965000,312.2911682128906
1787785015.2301388,966000,371.36993408203125
1787785022.201629,967000,342.8464050292969
1787785029.163468,968000,-200.15347290039062
1787785036.1049566,969000,298.3687438964844
1787785043.0667057,970000,438.63909912109375
1787785050.011988,971000,421.6141662597656
1787785056.942373,972000,411.9413757324219
1787785063.871114,973000,446.68511962890625
1787785070.8434005,974000,413.7629699707031
1787785077.801755,975000,425.8577575683594
1787785084.9825957,976000,447.49688720703125
1787785092.2209156,977000,395.9237976074219
1787785099.466117,978000,396.8187255859375
1787785106.560323,979000,413.4759216308594
1787785113.4940014,980000,376.1112976074219
1787785120.8916106,981000,-193.85903930664062
1787785132.9072285,982000,-189.77490234375
1787785146.1349657,983000,437.95611572265625
1787785159.2409906,984000,408.7940673828125
1787785172.3250341,985000,389.0036315917969
1787785185.4596007,986000,-201.1021728515625
1787785198.7012124,987000,-200.397705078125
1787785211.8934193,988000,-197.0625762939453
1787785225.1137123,989000,492.6951904296875
1787785237.1819963,990000,-199.96519470214844
1787785244.347095,991000,-209.2047119140625
1787785251.5211902,992000,438.3157958984375
1787785258.704016,993000,477.284423828125
1787785265.8565822,994000,421.7707824707031
1787785273.0345712,995000,441.3827819824219
1787785280.241698,996000,311.3221435546875
1787785287.4469798,997000,416.4727478027344
1787785294.6457899,998000,362.75604248046875
1787785301.8754165,999000,421.8428039550781
1787785309.066,1000000,-194.88449096679688
